<?xml version="1.0" encoding="UTF-8" standalone="no"?>
<document type="com.apple.InterfaceBuilder3.CocoaTouch.Storyboard.XIB" version="3.0" toolsVersion="10117" systemVersion="15F34" targetRuntime="iOS.CocoaTouch" propertyAccessControl="none" useAutolayout="YES" launchScreen="YES" useTraitCollections="YES" initialViewController="01J-lp-oVM">
    <dependencies>
        <deployment identifier="iOS"/>
        <plugIn identifier="com.apple.InterfaceBuilder.IBCocoaTouchPlugin" version="10085"/>
        <capability name="Constraints to layout margins" minToolsVersion="6.0"/>
    </dependencies>
    <scenes>
        <!--View Controller-->
        <scene sceneID="EHf-IW-A2E">
            <objects>
                <viewController id="01J-lp-oVM" sceneMemberID="viewController">
                    <layoutGuides>
                        <viewControllerLayoutGuide type="top" id="Llm-lL-Icb"/>
                        <viewControllerLayoutGuide type="bottom" id="xb3-aO-Qok"/>
                    </layoutGuides>
                    <view key="view" contentMode="scaleToFill" id="Ze5-6b-2t3">
                        <rect key="frame" x="0.0" y="0.0" width="600" height="600"/>
                        <autoresizingMask key="autoresizingMask" widthSizable="YES" heightSizable="YES"/>
                        <subviews>
                            <imageView userInteractionEnabled="NO" contentMode="scaleAspectFill" horizontalHuggingPriority="251" verticalHuggingPriority="251" image="1945-logo.png" translatesAutoresizingMaskIntoConstraints="NO" id="nxs-ix-YZk">
                                <rect key="frame" x="0.0" y="-8" width="600" height="600"/>
                            </imageView>
                            <label opaque="NO" userInteractionEnabled="NO" contentMode="left" horizontalHuggingPriority="251" verticalHuggingPriority="251" text="A game created by NQTrung" textAlignment="center" lineBreakMode="tailTruncation" baselineAdjustment="alignBaselines" adjustsFontSizeToFit="NO" translatesAutoresizingMaskIntoConstraints="NO" id="buB-kP-iPj">
                                <rect key="frame" x="191" y="559" width="218" height="21"/>
                                <fontDescription key="fontDescription" type="system" pointSize="17"/>
                                <color key="textColor" red="0.043137254899999998" green="0.82745098039999998" blue="0.094117647060000004" alpha="1" colorSpace="calibratedRGB"/>
                                <nil key="highlightedColor"/>
                            </label>
                        </subviews>
                        <color key="backgroundColor" white="1" alpha="1" colorSpace="custom" customColorSpace="calibratedWhite"/>
                        <constraints>
                            <constraint firstItem="xb3-aO-Qok" firstAttribute="top" secondItem="nxs-ix-YZk" secondAttribute="bottom" constant="8" symbolic="YES" id="BQF-pR-2xj"/>
                            <constraint firstItem="nxs-ix-YZk" firstAttribute="leading" secondItem="Ze5-6b-2t3" secondAttribute="leading" id="Bsg-o7-yx4"/>
                            <constraint firstAttribute="bottom" secondItem="buB-kP-iPj" secondAttribute="bottom" constant="20" symbolic="YES" id="Bvb-2s-eUR"/>
                            <constraint firstItem="nxs-ix-YZk" firstAttribute="top" secondItem="Ze5-6b-2t3" secondAttribute="topMargin" constant="-8" id="H0z-Oh-tP6"/>
                            <constraint firstAttribute="trailing" secondItem="nxs-ix-YZk" secondAttribute="trailing" id="IV4-IU-x5d"/>
                            <constraint firstItem="buB-kP-iPj" firstAttribute="centerX" secondItem="nxs-ix-YZk" secondAttribute="centerX" id="Yp0-HK-9OE"/>
                        </constraints>
                    </view>
                </viewController>
                <placeholder placeholderIdentifier="IBFirstResponder" id="iYj-Kq-Ea1" userLabel="First Responder" sceneMemberID="firstResponder"/>
            </objects>
            <point key="canvasLocation" x="53" y="375"/>
        </scene>
    </scenes>
    <resources>
        <image name="1945-logo.png" width="300" height="300"/>
    </resources>
</document>
